1Tooth,8733907c-1f42-43e9-854e-27d2abeab9b9
Alien,8733907c-1f42-43e9-854e-27d2abeab9b9
Alien_OLD,8733907c-1f42-43e9-854e-27d2abeab9b9
Angry,8733907c-1f42-43e9-854e-27d2abeab9b9
ARMRD_Mutant,8733907c-1f42-43e9-854e-27d2abeab9b9
Bamboo,8733907c-1f42-43e9-854e-27d2abeab9b9
BLCK_Dragon_Mask,8733907c-1f42-43e9-854e-27d2abeab9b9
BLCK_Long_Beard,8733907c-1f42-43e9-854e-27d2abeab9b9
BLU_Gas_Mask,8733907c-1f42-43e9-854e-27d2abeab9b9
BLU_SFTY_Mask,8733907c-1f42-43e9-854e-27d2abeab9b9
BUBBLE,8733907c-1f42-43e9-854e-27d2abeab9b9
Bubblegum,8733907c-1f42-43e9-854e-27d2abeab9b9
Chrome_Pipe,8733907c-1f42-43e9-854e-27d2abeab9b9
Cigar,8733907c-1f42-43e9-854e-27d2abeab9b9
Cyber_Jaw,8733907c-1f42-43e9-854e-27d2abeab9b9
FANGZ,8733907c-1f42-43e9-854e-27d2abeab9b9
FANGZ_OLD,8733907c-1f42-43e9-854e-27d2abeab9b9
Ghost,8733907c-1f42-43e9-854e-27d2abeab9b9
GLD_GRILLS,8733907c-1f42-43e9-854e-27d2abeab9b9
GLD_GRILLZ,8733907c-1f42-43e9-854e-27d2abeab9b9
Goatee,8733907c-1f42-43e9-854e-27d2abeab9b9
ICED_GRILLS,8733907c-1f42-43e9-854e-27d2abeab9b9
ICED_GRILLZ,8733907c-1f42-43e9-854e-27d2abeab9b9
INFCTD,8733907c-1f42-43e9-854e-27d2abeab9b9
Jagged_RNBW,8733907c-1f42-43e9-854e-27d2abeab9b9
Knife_In_Mouth_7_DNA_Optim,8733907c-1f42-43e9-854e-27d2abeab9b9
Lollipop,8733907c-1f42-43e9-854e-27d2abeab9b9
Mad_Max_Mouthcover,8733907c-1f42-43e9-854e-27d2abeab9b9
Moustache,8733907c-1f42-43e9-854e-27d2abeab9b9
Organism_M78.8,8733907c-1f42-43e9-854e-27d2abeab9b9
Organism_M78.8_OLD,8733907c-1f42-43e9-854e-27d2abeab9b9
ORNG_Long_Beard,8733907c-1f42-43e9-854e-27d2abeab9b9
Pilot_Mask,8733907c-1f42-43e9-854e-27d2abeab9b9
Pipe,8733907c-1f42-43e9-854e-27d2abeab9b9
PSYCHIC_LAZER,8733907c-1f42-43e9-854e-27d2abeab9b9
Rainbow_Grillz,8733907c-1f42-43e9-854e-27d2abeab9b9
Rainbow_Ramen,8733907c-1f42-43e9-854e-27d2abeab9b9
RD_Dragon_Mask,8733907c-1f42-43e9-854e-27d2abeab9b9
RD_Gas_Mask,8733907c-1f42-43e9-854e-27d2abeab9b9
RNBW_GRILLS,8733907c-1f42-43e9-854e-27d2abeab9b9
Robomouth,8733907c-1f42-43e9-854e-27d2abeab9b9
Romantico_7_DNA_Optimiz,8733907c-1f42-43e9-854e-27d2abeab9b9
SFTY_Mask,8733907c-1f42-43e9-854e-27d2abeab9b9
SLVR_Dragon_Mask,8733907c-1f42-43e9-854e-27d2abeab9b9
SMILEY_RNBW,8733907c-1f42-43e9-854e-27d2abeab9b9
SMILE_7_DNA_Optimization,8733907c-1f42-43e9-854e-27d2abeab9b9
SMILE_7_DNA_Optimization_OLD,8733907c-1f42-43e9-854e-27d2abeab9b9
Spider,8733907c-1f42-43e9-854e-27d2abeab9b9
Tan_Tan_Bo,8733907c-1f42-43e9-854e-27d2abeab9b9
TCTCL_SMILE,8733907c-1f42-43e9-854e-27d2abeab9b9
Tongue_Out,8733907c-1f42-43e9-854e-27d2abeab9b9
Tongue_Out_OLD,8733907c-1f42-43e9-854e-27d2abeab9b9
Tooth-pick,8733907c-1f42-43e9-854e-27d2abeab9b9
TRIP,8733907c-1f42-43e9-854e-27d2abeab9b9
TRIP_OLD,8733907c-1f42-43e9-854e-27d2abeab9b9
WHT_Long_Beard,8733907c-1f42-43e9-854e-27d2abeab9b9
Wise_Fancy_Mustache,8733907c-1f42-43e9-854e-27d2abeab9b9
WZRD,8733907c-1f42-43e9-854e-27d2abeab9b9
ANON,f85c5cc5-d912-45d8-914b-4b47242d7c88
BLCK_CYBER_SPARTAN,f85c5cc5-d912-45d8-914b-4b47242d7c88
BLU_Samurai,f85c5cc5-d912-45d8-914b-4b47242d7c88
CATSUNE,f85c5cc5-d912-45d8-914b-4b47242d7c88
GLD_CYBER_SPARTAN,f85c5cc5-d912-45d8-914b-4b47242d7c88
GLD_GNDM,f85c5cc5-d912-45d8-914b-4b47242d7c88
GLD_Samurai,f85c5cc5-d912-45d8-914b-4b47242d7c88
GRN_DRGN,f85c5cc5-d912-45d8-914b-4b47242d7c88
Kitsune,f85c5cc5-d912-45d8-914b-4b47242d7c88
META_PILOT,f85c5cc5-d912-45d8-914b-4b47242d7c88
None,f85c5cc5-d912-45d8-914b-4b47242d7c88
PURP_CROW,f85c5cc5-d912-45d8-914b-4b47242d7c88
PURP_DRGN,f85c5cc5-d912-45d8-914b-4b47242d7c88
PURP_GNDM,f85c5cc5-d912-45d8-914b-4b47242d7c88
Rakan_Murakami_Dark,f85c5cc5-d912-45d8-914b-4b47242d7c88
Rakan_Murakami_Darker,f85c5cc5-d912-45d8-914b-4b47242d7c88
Rakan_Murakami_Darker_OLD,f85c5cc5-d912-45d8-914b-4b47242d7c88
Rakan_Murakami_Dark_OLD,f85c5cc5-d912-45d8-914b-4b47242d7c88
Rakan_Murakami_Light,f85c5cc5-d912-45d8-914b-4b47242d7c88
Rakan_Murakami_Light_BRWNEyes,f85c5cc5-d912-45d8-914b-4b47242d7c88
Rakan_Murakami_Pale,f85c5cc5-d912-45d8-914b-4b47242d7c88
Rakan_Murakami_Pale_OLD,f85c5cc5-d912-45d8-914b-4b47242d7c88
Rakan_Murakami_Tan,f85c5cc5-d912-45d8-914b-4b47242d7c88
Rakan_Murakami_Tan_OLD,f85c5cc5-d912-45d8-914b-4b47242d7c88
RD_CROW,f85c5cc5-d912-45d8-914b-4b47242d7c88
RD_DRGN,f85c5cc5-d912-45d8-914b-4b47242d7c88
RD_YLLW_GNDM,f85c5cc5-d912-45d8-914b-4b47242d7c88
SKULL,f85c5cc5-d912-45d8-914b-4b47242d7c88
SPACE,f85c5cc5-d912-45d8-914b-4b47242d7c88
TCH_GOGGLES,f85c5cc5-d912-45d8-914b-4b47242d7c88
TGR,f85c5cc5-d912-45d8-914b-4b47242d7c88
Bald,30366e8f-d71d-4605-a1c9-96c2eaaa0e6e
BLCKGLD_Turban,30366e8f-d71d-4605-a1c9-96c2eaaa0e6e
BLCK_Bandana_TECH_Cap,30366e8f-d71d-4605-a1c9-96c2eaaa0e6e
BLCK_Beanie,30366e8f-d71d-4605-a1c9-96c2eaaa0e6e
BLCK_Beanie_OLD,30366e8f-d71d-4605-a1c9-96c2eaaa0e6e
BLCK_BRDZ,30366e8f-d71d-4605-a1c9-96c2eaaa0e6e
BLCK_BWLCUT,30366e8f-d71d-4605-a1c9-96c2eaaa0e6e
BLCK_Cap,30366e8f-d71d-4605-a1c9-96c2eaaa0e6e
BLCK_Cap_OLD,30366e8f-d71d-4605-a1c9-96c2eaaa0e6e
BLCK_Curtains,30366e8f-d71d-4605-a1c9-96c2eaaa0e6e
BLCK_DRDZ,30366e8f-d71d-4605-a1c9-96c2eaaa0e6e
BLCK_Fro,30366e8f-d71d-4605-a1c9-96c2eaaa0e6e
BLCK_Hair_Clip,30366e8f-d71d-4605-a1c9-96c2eaaa0e6e
BLCK_Horn_Headband,30366e8f-d71d-4605-a1c9-96c2eaaa0e6e
BLCK_KO2_Tiara,30366e8f-d71d-4605-a1c9-96c2eaaa0e6e
BLCK_Otaku,30366e8f-d71d-4605-a1c9-96c2eaaa0e6e
BLCK_Party_Hat,30366e8f-d71d-4605-a1c9-96c2eaaa0e6e
BLCK_Party_Hat_HOLD,30366e8f-d71d-4605-a1c9-96c2eaaa0e6e
BLCK_Ponytail,30366e8f-d71d-4605-a1c9-96c2eaaa0e6e
BLCK_Ponytailz,30366e8f-d71d-4605-a1c9-96c2eaaa0e6e
BLCK_Quiff,30366e8f-d71d-4605-a1c9-96c2eaaa0e6e
BLCK_Samurai,30366e8f-d71d-4605-a1c9-96c2eaaa0e6e
BLCK_Shape_Up,30366e8f-d71d-4605-a1c9-96c2eaaa0e6e
BLCK_Soundwave,30366e8f-d71d-4605-a1c9-96c2eaaa0e6e
BLCK_Spike,30366e8f-d71d-4605-a1c9-96c2eaaa0e6e
BLCK_Spiked,30366e8f-d71d-4605-a1c9-96c2eaaa0e6e
BLCK_Stylish,30366e8f-d71d-4605-a1c9-96c2eaaa0e6e
BLCK_Unkept,30366e8f-d71d-4605-a1c9-96c2eaaa0e6e
BLCK_Wrap_White_Hair,30366e8f-d71d-4605-a1c9-96c2eaaa0e6e
BLKBLU_Pigtails,30366e8f-d71d-4605-a1c9-96c2eaaa0e6e
BLKBLU_Pigtails_OLD,30366e8f-d71d-4605-a1c9-96c2eaaa0e6e
BLND_BWLCUT,30366e8f-d71d-4605-a1c9-96c2eaaa0e6e
BLND_BWLCUT_OLD,30366e8f-d71d-4605-a1c9-96c2eaaa0e6e
BLND_Curtains,30366e8f-d71d-4605-a1c9-96c2eaaa0e6e
BLND_Floral_Wreath,30366e8f-d71d-4605-a1c9-96c2eaaa0e6e
BLND_Floral_Wreath_OLD,30366e8f-d71d-4605-a1c9-96c2eaaa0e6e
BLND_Fro,30366e8f-d71d-4605-a1c9-96c2eaaa0e6e
BLND_Hair_Clip,30366e8f-d71d-4605-a1c9-96c2eaaa0e6e
BLND_Long_Split,30366e8f-d71d-4605-a1c9-96c2eaaa0e6e
BLND_Long_Split_OLD,30366e8f-d71d-4605-a1c9-96c2eaaa0e6e
BLND_Pigtails,30366e8f-d71d-4605-a1c9-96c2eaaa0e6e
BLND_Ponytail,30366e8f-d71d-4605-a1c9-96c2eaaa0e6e
BLND_Quiff,30366e8f-d71d-4605-a1c9-96c2eaaa0e6e
BLU_Braid,30366e8f-d71d-4605-a1c9-96c2eaaa0e6e
BLU_Buns,30366e8f-d71d-4605-a1c9-96c2eaaa0e6e
BLU_Curtains,30366e8f-d71d-4605-a1c9-96c2eaaa0e6e
BLU_DRDZ,30366e8f-d71d-4605-a1c9-96c2eaaa0e6e
BLU_Hacker,30366e8f-d71d-4605-a1c9-96c2eaaa0e6e
BLU_HED_Scarf,30366e8f-d71d-4605-a1c9-96c2eaaa0e6e
BLU_HED_Scarf_OLD,30366e8f-d71d-4605-a1c9-96c2eaaa0e6e
BLU_KO2_Tiara,30366e8f-d71d-4605-a1c9-96c2eaaa0e6e
BLU_Long,30366e8f-d71d-4605-a1c9-96c2eaaa0e6e
BLU_Long_OLD,30366e8f-d71d-4605-a1c9-96c2eaaa0e6e
BLU_MoHWK,30366e8f-d71d-4605-a1c9-96c2eaaa0e6e
BLU_OCTOPUS,30366e8f-d71d-4605-a1c9-96c2eaaa0e6e
BLU_Pigtails,30366e8f-d71d-4605-a1c9-96c2eaaa0e6e
BLU_Ponytailz,30366e8f-d71d-4605-a1c9-96c2eaaa0e6e
BLU_Shape_Up,30366e8f-d71d-4605-a1c9-96c2eaaa0e6e
BLU_Sound_Wave,30366e8f-d71d-4605-a1c9-96c2eaaa0e6e
BLU_Stylish,30366e8f-d71d-4605-a1c9-96c2eaaa0e6e
BRAINZ,30366e8f-d71d-4605-a1c9-96c2eaaa0e6e
BRAINZ_OLD,30366e8f-d71d-4605-a1c9-96c2eaaa0e6e
Brain_Machine,30366e8f-d71d-4605-a1c9-96c2eaaa0e6e
BRED_Bat,30366e8f-d71d-4605-a1c9-96c2eaaa0e6e
BRED_Buns,30366e8f-d71d-4605-a1c9-96c2eaaa0e6e
BRED_Long,30366e8f-d71d-4605-a1c9-96c2eaaa0e6e
BRED_Visor,30366e8f-d71d-4605-a1c9-96c2eaaa0e6e
BRED_Visor_Old,30366e8f-d71d-4605-a1c9-96c2eaaa0e6e
BRWN_1_Horn,30366e8f-d71d-4605-a1c9-96c2eaaa0e6e
BRWN_2_Horn,30366e8f-d71d-4605-a1c9-96c2eaaa0e6e
BRWN_Buns,30366e8f-d71d-4605-a1c9-96c2eaaa0e6e
BRWN_Floral_Wreath,30366e8f-d71d-4605-a1c9-96c2eaaa0e6e
BRWN_Long,30366e8f-d71d-4605-a1c9-96c2eaaa0e6e
BRWN_Ponytail,30366e8f-d71d-4605-a1c9-96c2eaaa0e6e
BRWN_Shaggy,30366e8f-d71d-4605-a1c9-96c2eaaa0e6e
BRWN_Shaggy_OLD,30366e8f-d71d-4605-a1c9-96c2eaaa0e6e
BRWN_Stylish,30366e8f-d71d-4605-a1c9-96c2eaaa0e6e
BRWN_Unkept,30366e8f-d71d-4605-a1c9-96c2eaaa0e6e
BUNNY_Female,30366e8f-d71d-4605-a1c9-96c2eaaa0e6e
BUNNY_Female_OLD,30366e8f-d71d-4605-a1c9-96c2eaaa0e6e
BUNNY_Male,30366e8f-d71d-4605-a1c9-96c2eaaa0e6e
BUNNY_Male_OLD,30366e8f-d71d-4605-a1c9-96c2eaaa0e6e
BWLCUT_BLCK,30366e8f-d71d-4605-a1c9-96c2eaaa0e6e
BWLCUT_GRN,30366e8f-d71d-4605-a1c9-96c2eaaa0e6e
BWLCUT_PNK,30366e8f-d71d-4605-a1c9-96c2eaaa0e6e
BWLCUT_WHT,30366e8f-d71d-4605-a1c9-96c2eaaa0e6e
Cowboy,30366e8f-d71d-4605-a1c9-96c2eaaa0e6e
Cowboy_OLD,30366e8f-d71d-4605-a1c9-96c2eaaa0e6e
Cowgirl,30366e8f-d71d-4605-a1c9-96c2eaaa0e6e
Cowgirl_OLD,30366e8f-d71d-4605-a1c9-96c2eaaa0e6e
CYBR_DRDZ,30366e8f-d71d-4605-a1c9-96c2eaaa0e6e
DAD_Cap,30366e8f-d71d-4605-a1c9-96c2eaaa0e6e
DUCK_Camo_Beanie,30366e8f-d71d-4605-a1c9-96c2eaaa0e6e
FLME,30366e8f-d71d-4605-a1c9-96c2eaaa0e6e
FLME_HED_Scarf,30366e8f-d71d-4605-a1c9-96c2eaaa0e6e
FLME_OLD,30366e8f-d71d-4605-a1c9-96c2eaaa0e6e
FLME_SD_Mask,30366e8f-d71d-4605-a1c9-96c2eaaa0e6e
Flower_Murakami,30366e8f-d71d-4605-a1c9-96c2eaaa0e6e
G.O.A.T_Horns,30366e8f-d71d-4605-a1c9-96c2eaaa0e6e
G.O.A.T_Horns_with_Earrings,30366e8f-d71d-4605-a1c9-96c2eaaa0e6e
Ghost_Pirate,30366e8f-d71d-4605-a1c9-96c2eaaa0e6e
GLD_Crown,30366e8f-d71d-4605-a1c9-96c2eaaa0e6e
GLD_Crown_Female,30366e8f-d71d-4605-a1c9-96c2eaaa0e6e
GLD_Crown_Female_OLD,30366e8f-d71d-4605-a1c9-96c2eaaa0e6e
GLD_Crown_OLD,30366e8f-d71d-4605-a1c9-96c2eaaa0e6e
GOAT_Horns,30366e8f-d71d-4605-a1c9-96c2eaaa0e6e
GOAT_Horns_with_Earrings,30366e8f-d71d-4605-a1c9-96c2eaaa0e6e
GRN_BNGS,30366e8f-d71d-4605-a1c9-96c2eaaa0e6e
GRN_BRDZ,30366e8f-d71d-4605-a1c9-96c2eaaa0e6e
GRN_BWLCUT,30366e8f-d71d-4605-a1c9-96c2eaaa0e6e
GRN_Cyber_Cat,30366e8f-d71d-4605-a1c9-96c2eaaa0e6e
GRN_Cyber_Cat_OLD,30366e8f-d71d-4605-a1c9-96c2eaaa0e6e
GRN_DRDZ,30366e8f-d71d-4605-a1c9-96c2eaaa0e6e
GRN_Hacker,30366e8f-d71d-4605-a1c9-96c2eaaa0e6e
GRN_HED_Scarf,30366e8f-d71d-4605-a1c9-96c2eaaa0e6e
GRN_Shape_Up,30366e8f-d71d-4605-a1c9-96c2eaaa0e6e
GRN_Stylish,30366e8f-d71d-4605-a1c9-96c2eaaa0e6e
GRN__BLCK_Tiara,30366e8f-d71d-4605-a1c9-96c2eaaa0e6e
GRN__BLCK_Tiara_OLD,30366e8f-d71d-4605-a1c9-96c2eaaa0e6e
GRY_KO2_Tiara,30366e8f-d71d-4605-a1c9-96c2eaaa0e6e
Kawai,30366e8f-d71d-4605-a1c9-96c2eaaa0e6e
LLC_BNGS,30366e8f-d71d-4605-a1c9-96c2eaaa0e6e
LLC_Ponytail,30366e8f-d71d-4605-a1c9-96c2eaaa0e6e
LLC_Tiara,30366e8f-d71d-4605-a1c9-96c2eaaa0e6e
LoneSome_Cowboy,30366e8f-d71d-4605-a1c9-96c2eaaa0e6e
MEDUZA,30366e8f-d71d-4605-a1c9-96c2eaaa0e6e
MEDUZA_OLD,30366e8f-d71d-4605-a1c9-96c2eaaa0e6e
Melted,30366e8f-d71d-4605-a1c9-96c2eaaa0e6e
METAleopard_TECH_Cap,30366e8f-d71d-4605-a1c9-96c2eaaa0e6e
MINT_Long,30366e8f-d71d-4605-a1c9-96c2eaaa0e6e
MNT_Beret_Braids,30366e8f-d71d-4605-a1c9-96c2eaaa0e6e
Murakami_DOB_Hat,30366e8f-d71d-4605-a1c9-96c2eaaa0e6e
Murakami_PNK_Hair,30366e8f-d71d-4605-a1c9-96c2eaaa0e6e
Neon_Cap,30366e8f-d71d-4605-a1c9-96c2eaaa0e6e
NVY_DRDZ,30366e8f-d71d-4605-a1c9-96c2eaaa0e6e
Open_Skull_Helmet,30366e8f-d71d-4605-a1c9-96c2eaaa0e6e
ORNG_Bandana_TECH_Cap,30366e8f-d71d-4605-a1c9-96c2eaaa0e6e
Pilot,30366e8f-d71d-4605-a1c9-96c2eaaa0e6e
Pirate,30366e8f-d71d-4605-a1c9-96c2eaaa0e6e
PNK_Beret_Braids,30366e8f-d71d-4605-a1c9-96c2eaaa0e6e
PNK_Beret__Braids_HOLD,30366e8f-d71d-4605-a1c9-96c2eaaa0e6e
PNK_BNGS,30366e8f-d71d-4605-a1c9-96c2eaaa0e6e
PNK_BNGS_OLD,30366e8f-d71d-4605-a1c9-96c2eaaa0e6e
PNK_BWLCUT,30366e8f-d71d-4605-a1c9-96c2eaaa0e6e
PNK_Curtains,30366e8f-d71d-4605-a1c9-96c2eaaa0e6e
PNK_Curtains_OLD,30366e8f-d71d-4605-a1c9-96c2eaaa0e6e
PNK_Hiropon,30366e8f-d71d-4605-a1c9-96c2eaaa0e6e
PNK_MoHWK,30366e8f-d71d-4605-a1c9-96c2eaaa0e6e
PNK_OCTOPUS,30366e8f-d71d-4605-a1c9-96c2eaaa0e6e
PNK_Pigtails,30366e8f-d71d-4605-a1c9-96c2eaaa0e6e
PNK_Pilot,30366e8f-d71d-4605-a1c9-96c2eaaa0e6e
PNK_Ponytail,30366e8f-d71d-4605-a1c9-96c2eaaa0e6e
PNK_Shape_Up,30366e8f-d71d-4605-a1c9-96c2eaaa0e6e
PNK_Spiked,30366e8f-d71d-4605-a1c9-96c2eaaa0e6e
Propeller_Helmet,30366e8f-d71d-4605-a1c9-96c2eaaa0e6e
PRPL_Hair_Clip,30366e8f-d71d-4605-a1c9-96c2eaaa0e6e
PRPL_Hair_Clip_OLD,30366e8f-d71d-4605-a1c9-96c2eaaa0e6e
PURP_BRDZ,30366e8f-d71d-4605-a1c9-96c2eaaa0e6e
PURP_Curtains,30366e8f-d71d-4605-a1c9-96c2eaaa0e6e
PURP_Cyber_Cat,30366e8f-d71d-4605-a1c9-96c2eaaa0e6e
PURP_Hacker,30366e8f-d71d-4605-a1c9-96c2eaaa0e6e
PURP_HED_Scarf,30366e8f-d71d-4605-a1c9-96c2eaaa0e6e
PURP_KO2_Tiara,30366e8f-d71d-4605-a1c9-96c2eaaa0e6e
PURP_Shape_Up,30366e8f-d71d-4605-a1c9-96c2eaaa0e6e
PURP_Wrap,30366e8f-d71d-4605-a1c9-96c2eaaa0e6e
RCSave_Cap,30366e8f-d71d-4605-a1c9-96c2eaaa0e6e
RD_Braid,30366e8f-d71d-4605-a1c9-96c2eaaa0e6e
RD_DRDZ,30366e8f-d71d-4605-a1c9-96c2eaaa0e6e
RD_Hair_Clip,30366e8f-d71d-4605-a1c9-96c2eaaa0e6e
RD_Horn_Headband,30366e8f-d71d-4605-a1c9-96c2eaaa0e6e
RD_Pigtails,30366e8f-d71d-4605-a1c9-96c2eaaa0e6e
RD_Pigtails_OLD,30366e8f-d71d-4605-a1c9-96c2eaaa0e6e
RD_Spike,30366e8f-d71d-4605-a1c9-96c2eaaa0e6e
RD_Spike_OLD,30366e8f-d71d-4605-a1c9-96c2eaaa0e6e
RD_Stylish,30366e8f-d71d-4605-a1c9-96c2eaaa0e6e
RD_Wrap_Black_Hair,30366e8f-d71d-4605-a1c9-96c2eaaa0e6e
Rice_Hat,30366e8f-d71d-4605-a1c9-96c2eaaa0e6e
Rice_Hat_OLD,30366e8f-d71d-4605-a1c9-96c2eaaa0e6e
RTFKT_TECH_Cap,30366e8f-d71d-4605-a1c9-96c2eaaa0e6e
Sound_Wave,30366e8f-d71d-4605-a1c9-96c2eaaa0e6e
STRIPE_Beanie,30366e8f-d71d-4605-a1c9-96c2eaaa0e6e
TEAL_Spiked,30366e8f-d71d-4605-a1c9-96c2eaaa0e6e
TEAL_Spiked_OLD,30366e8f-d71d-4605-a1c9-96c2eaaa0e6e
TECH_Cap,30366e8f-d71d-4605-a1c9-96c2eaaa0e6e
Tied_DipDye,30366e8f-d71d-4605-a1c9-96c2eaaa0e6e
Tied_DipDye_OLD,30366e8f-d71d-4605-a1c9-96c2eaaa0e6e
Tied_DipDye_Party_Hat,30366e8f-d71d-4605-a1c9-96c2eaaa0e6e
Tied_DipDye_Party_Hat_HOLD,30366e8f-d71d-4605-a1c9-96c2eaaa0e6e
Top_Hat,30366e8f-d71d-4605-a1c9-96c2eaaa0e6e
Top_Hat_OLD,30366e8f-d71d-4605-a1c9-96c2eaaa0e6e
UND_Charm,30366e8f-d71d-4605-a1c9-96c2eaaa0e6e
WHT_1_Horn,30366e8f-d71d-4605-a1c9-96c2eaaa0e6e
WHT_2_Horn,30366e8f-d71d-4605-a1c9-96c2eaaa0e6e
WHT_BRDZ,30366e8f-d71d-4605-a1c9-96c2eaaa0e6e
WHT_BWLCUT,30366e8f-d71d-4605-a1c9-96c2eaaa0e6e
WHT_Curtains,30366e8f-d71d-4605-a1c9-96c2eaaa0e6e
WHT_Hair_Clip,30366e8f-d71d-4605-a1c9-96c2eaaa0e6e
WHT_Horn_Headband,30366e8f-d71d-4605-a1c9-96c2eaaa0e6e
WHT_Horn_Headband_OLD,30366e8f-d71d-4605-a1c9-96c2eaaa0e6e
WHT_OCTOPUS,30366e8f-d71d-4605-a1c9-96c2eaaa0e6e
WHT_Otaku,30366e8f-d71d-4605-a1c9-96c2eaaa0e6e
WHT_Ponytail,30366e8f-d71d-4605-a1c9-96c2eaaa0e6e
WHT_Quiff,30366e8f-d71d-4605-a1c9-96c2eaaa0e6e
WHT_Stylish,30366e8f-d71d-4605-a1c9-96c2eaaa0e6e
WHT_Turban,30366e8f-d71d-4605-a1c9-96c2eaaa0e6e
WHT_Unkept,30366e8f-d71d-4605-a1c9-96c2eaaa0e6e
WHT_Unkept_OLD,30366e8f-d71d-4605-a1c9-96c2eaaa0e6e
Witch,30366e8f-d71d-4605-a1c9-96c2eaaa0e6e
Witch_OLD,30366e8f-d71d-4605-a1c9-96c2eaaa0e6e
YLLW_Spiked,30366e8f-d71d-4605-a1c9-96c2eaaa0e6e
YLLW_Stylish,30366e8f-d71d-4605-a1c9-96c2eaaa0e6e
YUBLCK,30366e8f-d71d-4605-a1c9-96c2eaaa0e6e
YUBLU,30366e8f-d71d-4605-a1c9-96c2eaaa0e6e
YUBRED,30366e8f-d71d-4605-a1c9-96c2eaaa0e6e
YUBRED_OLD,30366e8f-d71d-4605-a1c9-96c2eaaa0e6e
YURD,30366e8f-d71d-4605-a1c9-96c2eaaa0e6e
ZK_Bucket,30366e8f-d71d-4605-a1c9-96c2eaaa0e6e
ZK_Bucket_with_Hair,30366e8f-d71d-4605-a1c9-96c2eaaa0e6e
Sandals,e60bb7f8-82ca-4812-8a85-321d95a734e6
1111_TAT,b979af3c-e676-4d79-ac37-76dab7608855
333_TAT,b979af3c-e676-4d79-ac37-76dab7608855
333_VSN_TAT,b979af3c-e676-4d79-ac37-76dab7608855
369_TAT,b979af3c-e676-4d79-ac37-76dab7608855
369_VSN_TAT,b979af3c-e676-4d79-ac37-76dab7608855
Angry_TAT,b979af3c-e676-4d79-ac37-76dab7608855
Band-Aid,b979af3c-e676-4d79-ac37-76dab7608855
BCODE_TAT,b979af3c-e676-4d79-ac37-76dab7608855
BIRTHMRK,b979af3c-e676-4d79-ac37-76dab7608855
CLNX_TAT,b979af3c-e676-4d79-ac37-76dab7608855
EKO_TAT,b979af3c-e676-4d79-ac37-76dab7608855
HRUS_333_TAT,b979af3c-e676-4d79-ac37-76dab7608855
HRUS_TAT,b979af3c-e676-4d79-ac37-76dab7608855
META_TAT,b979af3c-e676-4d79-ac37-76dab7608855
None,b979af3c-e676-4d79-ac37-76dab7608855
OnSight_TAT,b979af3c-e676-4d79-ac37-76dab7608855
PROMO_TAT,b979af3c-e676-4d79-ac37-76dab7608855
SAD_TAT,b979af3c-e676-4d79-ac37-76dab7608855
Scratch_Scars,b979af3c-e676-4d79-ac37-76dab7608855
SKULL_WEBZ_TAT,b979af3c-e676-4d79-ac37-76dab7608855
Slash_Scar,b979af3c-e676-4d79-ac37-76dab7608855
SMLY_TAT,b979af3c-e676-4d79-ac37-76dab7608855
Starz_TAT,b979af3c-e676-4d79-ac37-76dab7608855
STARZ_VSN_TAT,b979af3c-e676-4d79-ac37-76dab7608855
SWRD_TAT,b979af3c-e676-4d79-ac37-76dab7608855
SWRD_VSN_TAT,b979af3c-e676-4d79-ac37-76dab7608855
TRi_HRUS_TAT,b979af3c-e676-4d79-ac37-76dab7608855
TRi_TAT,b979af3c-e676-4d79-ac37-76dab7608855
TRi_War_TAT,b979af3c-e676-4d79-ac37-76dab7608855
VSN_TAT,b979af3c-e676-4d79-ac37-76dab7608855
WARNING,b979af3c-e676-4d79-ac37-76dab7608855
WEBZ_TAT,b979af3c-e676-4d79-ac37-76dab7608855
Eyes_Alien,fe2f7c6d-a9d4-4a87-8885-c3654b1f4bf1
Eyes_Angel_BLU,fe2f7c6d-a9d4-4a87-8885-c3654b1f4bf1
Eyes_Angel_YLLW,fe2f7c6d-a9d4-4a87-8885-c3654b1f4bf1
Eyes_BLU,fe2f7c6d-a9d4-4a87-8885-c3654b1f4bf1
Eyes_BLUPURP,fe2f7c6d-a9d4-4a87-8885-c3654b1f4bf1
Eyes_BLU_CRYSTL,fe2f7c6d-a9d4-4a87-8885-c3654b1f4bf1
Eyes_BRWN,fe2f7c6d-a9d4-4a87-8885-c3654b1f4bf1
Eyes_Demon_BLCK,fe2f7c6d-a9d4-4a87-8885-c3654b1f4bf1
Eyes_Demon_ICE,fe2f7c6d-a9d4-4a87-8885-c3654b1f4bf1
Eyes_Demon_RD,fe2f7c6d-a9d4-4a87-8885-c3654b1f4bf1
Eyes_GRN,fe2f7c6d-a9d4-4a87-8885-c3654b1f4bf1
Eyes_GRN_Breezy,fe2f7c6d-a9d4-4a87-8885-c3654b1f4bf1
Eyes_Murakami_Eye_AWAKEN,fe2f7c6d-a9d4-4a87-8885-c3654b1f4bf1
Eyes_Murakami_Eye_HALF_OPEN,fe2f7c6d-a9d4-4a87-8885-c3654b1f4bf1
Eyes_Murakami_Eye_SPINNING,fe2f7c6d-a9d4-4a87-8885-c3654b1f4bf1
Eyes_Murakami_Eye_WIDE_OPEN,fe2f7c6d-a9d4-4a87-8885-c3654b1f4bf1
Eyes_PNK,fe2f7c6d-a9d4-4a87-8885-c3654b1f4bf1
Eyes_PNKBLU,fe2f7c6d-a9d4-4a87-8885-c3654b1f4bf1
Eyes_PURP,fe2f7c6d-a9d4-4a87-8885-c3654b1f4bf1
Eyes_RD_CRYSTL,fe2f7c6d-a9d4-4a87-8885-c3654b1f4bf1
Eyes_Reptile,fe2f7c6d-a9d4-4a87-8885-c3654b1f4bf1
Eyes_RNBW,fe2f7c6d-a9d4-4a87-8885-c3654b1f4bf1
Eyes_Robot_BLU,fe2f7c6d-a9d4-4a87-8885-c3654b1f4bf1
Eyes_Robot_GRN,fe2f7c6d-a9d4-4a87-8885-c3654b1f4bf1
Eyes_Robot_PNK,fe2f7c6d-a9d4-4a87-8885-c3654b1f4bf1
Eyes_Surprised,fe2f7c6d-a9d4-4a87-8885-c3654b1f4bf1
Eyes_Undead,fe2f7c6d-a9d4-4a87-8885-c3654b1f4bf1
Eyes_VVS_CRYSTL,fe2f7c6d-a9d4-4a87-8885-c3654b1f4bf1
Eyes_YLLW,fe2f7c6d-a9d4-4a87-8885-c3654b1f4bf1
Eyes_YLLW_Breezy,fe2f7c6d-a9d4-4a87-8885-c3654b1f4bf1
Angry_Eyelashes,21ff2dc7-4ef4-45d2-8f81-09e9b83de83c
Angry_Thin,21ff2dc7-4ef4-45d2-8f81-09e9b83de83c
Angry_Thin_OLD,21ff2dc7-4ef4-45d2-8f81-09e9b83de83c
BLADEZ,21ff2dc7-4ef4-45d2-8f81-09e9b83de83c
CLSD_Eyelashes,21ff2dc7-4ef4-45d2-8f81-09e9b83de83c
CLSD_Thin,21ff2dc7-4ef4-45d2-8f81-09e9b83de83c
Demon_Eyelashes,21ff2dc7-4ef4-45d2-8f81-09e9b83de83c
Demon_Thin,21ff2dc7-4ef4-45d2-8f81-09e9b83de83c
DOTZ,21ff2dc7-4ef4-45d2-8f81-09e9b83de83c
Flutter_Eyelashes,21ff2dc7-4ef4-45d2-8f81-09e9b83de83c
Lines,21ff2dc7-4ef4-45d2-8f81-09e9b83de83c
Neutral_Eyelashes,21ff2dc7-4ef4-45d2-8f81-09e9b83de83c
None,21ff2dc7-4ef4-45d2-8f81-09e9b83de83c
Robot,21ff2dc7-4ef4-45d2-8f81-09e9b83de83c
Robo_Eyelashes,21ff2dc7-4ef4-45d2-8f81-09e9b83de83c
Standard_Thin,21ff2dc7-4ef4-45d2-8f81-09e9b83de83c
Surprised_Thin,21ff2dc7-4ef4-45d2-8f81-09e9b83de83c
Thick,21ff2dc7-4ef4-45d2-8f81-09e9b83de83c
3D,b27cc91b-b182-457d-9d2b-85f1f71f361c
3rd_Eye,b27cc91b-b182-457d-9d2b-85f1f71f361c
Assault_Glasses,b27cc91b-b182-457d-9d2b-85f1f71f361c
Aviator,b27cc91b-b182-457d-9d2b-85f1f71f361c
BILLIONAIRE,b27cc91b-b182-457d-9d2b-85f1f71f361c
Blindfold,b27cc91b-b182-457d-9d2b-85f1f71f361c
BLU_LAZER,b27cc91b-b182-457d-9d2b-85f1f71f361c
BTC,b27cc91b-b182-457d-9d2b-85f1f71f361c
CRYSTL_Color_2,b27cc91b-b182-457d-9d2b-85f1f71f361c
Cyber_Bindi,b27cc91b-b182-457d-9d2b-85f1f71f361c
Cyber_Eyes,b27cc91b-b182-457d-9d2b-85f1f71f361c
Cyber_Eye_Patch,b27cc91b-b182-457d-9d2b-85f1f71f361c
Cyborg_V1,b27cc91b-b182-457d-9d2b-85f1f71f361c
Cyborg_V2,b27cc91b-b182-457d-9d2b-85f1f71f361c
Drip_Scouter,b27cc91b-b182-457d-9d2b-85f1f71f361c
Drip_Scouter_OLD,b27cc91b-b182-457d-9d2b-85f1f71f361c
DRIP_VISION,b27cc91b-b182-457d-9d2b-85f1f71f361c
Eye_Patch,b27cc91b-b182-457d-9d2b-85f1f71f361c
Glass_X,b27cc91b-b182-457d-9d2b-85f1f71f361c
Kawaii_Patch,b27cc91b-b182-457d-9d2b-85f1f71f361c
None,b27cc91b-b182-457d-9d2b-85f1f71f361c
OTT_Future_Vision,b27cc91b-b182-457d-9d2b-85f1f71f361c
RD_Drip_Scouter,b27cc91b-b182-457d-9d2b-85f1f71f361c
RD_LAZER,b27cc91b-b182-457d-9d2b-85f1f71f361c
Snow_Storm,b27cc91b-b182-457d-9d2b-85f1f71f361c
Snow_Storm_Polarized,b27cc91b-b182-457d-9d2b-85f1f71f361c
SPiKED_BILLIONAIRE,b27cc91b-b182-457d-9d2b-85f1f71f361c
TECH_GOGGLES,b27cc91b-b182-457d-9d2b-85f1f71f361c
Vision_Glasses,b27cc91b-b182-457d-9d2b-85f1f71f361c
ZK_VR,b27cc91b-b182-457d-9d2b-85f1f71f361c
DNA_Alien,4a2f0655-0e5e-4ace-9ec6-8c5642e64917
DNA_Angel,4a2f0655-0e5e-4ace-9ec6-8c5642e64917
DNA_Angel_Divine_Dark,4a2f0655-0e5e-4ace-9ec6-8c5642e64917
DNA_Angel_Divine_Light,4a2f0655-0e5e-4ace-9ec6-8c5642e64917
DNA_Demon,4a2f0655-0e5e-4ace-9ec6-8c5642e64917
DNA_Demon_Dark,4a2f0655-0e5e-4ace-9ec6-8c5642e64917
DNA_Demon_Pale,4a2f0655-0e5e-4ace-9ec6-8c5642e64917
DNA_Human_BW,4a2f0655-0e5e-4ace-9ec6-8c5642e64917
DNA_Human_Cute_Dark,4a2f0655-0e5e-4ace-9ec6-8c5642e64917
DNA_Human_Cute_Darker,4a2f0655-0e5e-4ace-9ec6-8c5642e64917
DNA_Human_Cute_Light,4a2f0655-0e5e-4ace-9ec6-8c5642e64917
DNA_Human_Cute_Pale,4a2f0655-0e5e-4ace-9ec6-8c5642e64917
DNA_Human_Cute_Tan,4a2f0655-0e5e-4ace-9ec6-8c5642e64917
DNA_Human_Female_Dark,4a2f0655-0e5e-4ace-9ec6-8c5642e64917
DNA_Human_Female_Darker,4a2f0655-0e5e-4ace-9ec6-8c5642e64917
DNA_Human_Female_Light,4a2f0655-0e5e-4ace-9ec6-8c5642e64917
DNA_Human_Female_Pale,4a2f0655-0e5e-4ace-9ec6-8c5642e64917
DNA_Human_Female_Tan,4a2f0655-0e5e-4ace-9ec6-8c5642e64917
DNA_Human_GLD_STONED,4a2f0655-0e5e-4ace-9ec6-8c5642e64917
DNA_Human_Male_Dark,4a2f0655-0e5e-4ace-9ec6-8c5642e64917
DNA_Human_Male_Darker,4a2f0655-0e5e-4ace-9ec6-8c5642e64917
DNA_Human_Male_Light,4a2f0655-0e5e-4ace-9ec6-8c5642e64917
DNA_Human_Male_Pale,4a2f0655-0e5e-4ace-9ec6-8c5642e64917
DNA_Human_Male_Tan,4a2f0655-0e5e-4ace-9ec6-8c5642e64917
DNA_Human_STONED,4a2f0655-0e5e-4ace-9ec6-8c5642e64917
DNA_Human_Super_Happy_Dark,4a2f0655-0e5e-4ace-9ec6-8c5642e64917
DNA_Human_Super_Happy_Darker,4a2f0655-0e5e-4ace-9ec6-8c5642e64917
DNA_Human_Super_Happy_Light,4a2f0655-0e5e-4ace-9ec6-8c5642e64917
DNA_Human_Super_Happy_Pale,4a2f0655-0e5e-4ace-9ec6-8c5642e64917
DNA_Human_Super_Happy_Tan,4a2f0655-0e5e-4ace-9ec6-8c5642e64917
DNA_Human_Surprised_Dark,4a2f0655-0e5e-4ace-9ec6-8c5642e64917
DNA_Human_Surprised_Darker,4a2f0655-0e5e-4ace-9ec6-8c5642e64917
DNA_Human_Surprised_Light,4a2f0655-0e5e-4ace-9ec6-8c5642e64917
DNA_Human_Surprised_Pale,4a2f0655-0e5e-4ace-9ec6-8c5642e64917
DNA_Human_Surprised_Tan,4a2f0655-0e5e-4ace-9ec6-8c5642e64917
DNA_Murakami_Dark,4a2f0655-0e5e-4ace-9ec6-8c5642e64917
DNA_Murakami_Darker,4a2f0655-0e5e-4ace-9ec6-8c5642e64917
DNA_Murakami_Light,4a2f0655-0e5e-4ace-9ec6-8c5642e64917
DNA_Murakami_Pale,4a2f0655-0e5e-4ace-9ec6-8c5642e64917
DNA_Murakami_Tan,4a2f0655-0e5e-4ace-9ec6-8c5642e64917
DNA_Reptile,4a2f0655-0e5e-4ace-9ec6-8c5642e64917
DNA_Reptile_ORNG,4a2f0655-0e5e-4ace-9ec6-8c5642e64917
DNA_Robot,4a2f0655-0e5e-4ace-9ec6-8c5642e64917
DNA_Robot_MK_1,4a2f0655-0e5e-4ace-9ec6-8c5642e64917
DNA_Robot_MK_2,4a2f0655-0e5e-4ace-9ec6-8c5642e64917
DNA_Robot_MK_BLCK,4a2f0655-0e5e-4ace-9ec6-8c5642e64917
DNA_Undead,4a2f0655-0e5e-4ace-9ec6-8c5642e64917
DNA_Undead_TTN,4a2f0655-0e5e-4ace-9ec6-8c5642e64917
All_Seeing_Eyes,e8b51e9d-fb77-4156-b31b-3c5a6c3dae2d
BLCK_UNDRWRLD_WINGZ,e8b51e9d-fb77-4156-b31b-3c5a6c3dae2d
Deity_Arms,e8b51e9d-fb77-4156-b31b-3c5a6c3dae2d
DEMONZ,e8b51e9d-fb77-4156-b31b-3c5a6c3dae2d
Energy_Wings,e8b51e9d-fb77-4156-b31b-3c5a6c3dae2d
GRN_UNDRWRLD_WINGZ,e8b51e9d-fb77-4156-b31b-3c5a6c3dae2d
GRY_UNDRWRLD_WINGZ,e8b51e9d-fb77-4156-b31b-3c5a6c3dae2d
none,e8b51e9d-fb77-4156-b31b-3c5a6c3dae2d
PNK_UNDRWRLD_WINGZ,e8b51e9d-fb77-4156-b31b-3c5a6c3dae2d
Robotic_Arms,e8b51e9d-fb77-4156-b31b-3c5a6c3dae2d
Sword,e8b51e9d-fb77-4156-b31b-3c5a6c3dae2d
Sword_Sheath,e8b51e9d-fb77-4156-b31b-3c5a6c3dae2d
Comms_Headset,20777dc3-b674-423a-b1d1-16b248bbb6d8
Angel_Halo,20777dc3-b674-423a-b1d1-16b248bbb6d8
Cross_Earring,20777dc3-b674-423a-b1d1-16b248bbb6d8
GLD_STUD_Earrings,20777dc3-b674-423a-b1d1-16b248bbb6d8
Gold_Round_Earrings,20777dc3-b674-423a-b1d1-16b248bbb6d8
Neo_Earring,20777dc3-b674-423a-b1d1-16b248bbb6d8
None,20777dc3-b674-423a-b1d1-16b248bbb6d8
PTRA_Earring,20777dc3-b674-423a-b1d1-16b248bbb6d8
PTRA_Earrings,20777dc3-b674-423a-b1d1-16b248bbb6d8
RTFKT_Earrings,20777dc3-b674-423a-b1d1-16b248bbb6d8
Silver_Round_Earrings,20777dc3-b674-423a-b1d1-16b248bbb6d8
SLVR_Round_Earrings,20777dc3-b674-423a-b1d1-16b248bbb6d8
SLVR_STUD_Earrings,20777dc3-b674-423a-b1d1-16b248bbb6d8
VVS_STUD_Earrings,20777dc3-b674-423a-b1d1-16b248bbb6d8
28_JCKT,e095b435-77bb-496b-a894-ba568b8712a9
888_POLO,e095b435-77bb-496b-a894-ba568b8712a9
BLADE_MELT_Tee,e095b435-77bb-496b-a894-ba568b8712a9
BLCK-BLK_Waistcoat,e095b435-77bb-496b-a894-ba568b8712a9
BLCK-RED_VARSITY_JCKT,e095b435-77bb-496b-a894-ba568b8712a9
BLCK_BKR_JCKT,e095b435-77bb-496b-a894-ba568b8712a9
BLCK_BNDN_SHIRT,e095b435-77bb-496b-a894-ba568b8712a9
BLCK_Future_Dress,e095b435-77bb-496b-a894-ba568b8712a9
BLCK_GM_Tee,e095b435-77bb-496b-a894-ba568b8712a9
BLCK_GRNG_Dress,e095b435-77bb-496b-a894-ba568b8712a9
BLCK_Jellyfish_Tee,e095b435-77bb-496b-a894-ba568b8712a9
BLCK_PIN_JCKT,e095b435-77bb-496b-a894-ba568b8712a9
BLCK_POLO,e095b435-77bb-496b-a894-ba568b8712a9
BLCK_TCTCL_Vest,e095b435-77bb-496b-a894-ba568b8712a9
BLCK_TEE,e095b435-77bb-496b-a894-ba568b8712a9
BLCK_UNDRWRLD_Uniform,e095b435-77bb-496b-a894-ba568b8712a9
BLCK_Utility_Vest,e095b435-77bb-496b-a894-ba568b8712a9
BLCK_VARSITY_JCKT,e095b435-77bb-496b-a894-ba568b8712a9
BLCK_Waistcoat,e095b435-77bb-496b-a894-ba568b8712a9
BLU_BLW_UP_JCKT,e095b435-77bb-496b-a894-ba568b8712a9
BLU_BNDN_SHIRT,e095b435-77bb-496b-a894-ba568b8712a9
BLU_FRSH_Shirt,e095b435-77bb-496b-a894-ba568b8712a9
BLU_GRNG_Dress,e095b435-77bb-496b-a894-ba568b8712a9
BLU_HAWAIIAN_Shirt,e095b435-77bb-496b-a894-ba568b8712a9
BLU_ORNG_BNDN_SHIRT,e095b435-77bb-496b-a894-ba568b8712a9
BLU_PRPL_BNDN_SHIRT,e095b435-77bb-496b-a894-ba568b8712a9
BLU_Waistcoat,e095b435-77bb-496b-a894-ba568b8712a9
BONE_PFA_JCKT,e095b435-77bb-496b-a894-ba568b8712a9
BRED_KBA_JCKT,e095b435-77bb-496b-a894-ba568b8712a9
BRWN_Fur_Coat,e095b435-77bb-496b-a894-ba568b8712a9
BRWN_Future_Dress,e095b435-77bb-496b-a894-ba568b8712a9
BRWN_HiTech_Gown,e095b435-77bb-496b-a894-ba568b8712a9
BRWN_TCTCL_Vest,e095b435-77bb-496b-a894-ba568b8712a9
CAMO_BBL_Vest,e095b435-77bb-496b-a894-ba568b8712a9
CAMO_PFA_JCKT,e095b435-77bb-496b-a894-ba568b8712a9
CHRMO_HOODIE_L,e095b435-77bb-496b-a894-ba568b8712a9
CLNX_FRSH_Shirt,e095b435-77bb-496b-a894-ba568b8712a9
CLNX_HOODIE,e095b435-77bb-496b-a894-ba568b8712a9
CLNX_Tee,e095b435-77bb-496b-a894-ba568b8712a9
DNM_JCKT_C,e095b435-77bb-496b-a894-ba568b8712a9
DOODLE_HOODIE_C,e095b435-77bb-496b-a894-ba568b8712a9
FLOOR_Tee,e095b435-77bb-496b-a894-ba568b8712a9
FLRL_KBA_JCKT,e095b435-77bb-496b-a894-ba568b8712a9
Future_Dress,e095b435-77bb-496b-a894-ba568b8712a9
GM_HOODIE,e095b435-77bb-496b-a894-ba568b8712a9
GM_MONO_HOODIE,e095b435-77bb-496b-a894-ba568b8712a9
GM_Tee,e095b435-77bb-496b-a894-ba568b8712a9
GRDNT_Fur_Coat,e095b435-77bb-496b-a894-ba568b8712a9
GRDNT_PFA_JCKT,e095b435-77bb-496b-a894-ba568b8712a9
GRN_Fur_Coat,e095b435-77bb-496b-a894-ba568b8712a9
GRN_HAWAIIAN_Shirt,e095b435-77bb-496b-a894-ba568b8712a9
GRN_TCTCL_Vest,e095b435-77bb-496b-a894-ba568b8712a9
GRN_UNDRWRLD_Uniform,e095b435-77bb-496b-a894-ba568b8712a9
GRY_UNDRWRLD_Uniform,e095b435-77bb-496b-a894-ba568b8712a9
HVY_MTL_HOODIE,e095b435-77bb-496b-a894-ba568b8712a9
iRi_BLW_UP_JCKT,e095b435-77bb-496b-a894-ba568b8712a9
JELLYFISH_BLW_UP_JCKT,e095b435-77bb-496b-a894-ba568b8712a9
Job_Tee,e095b435-77bb-496b-a894-ba568b8712a9
JOB_Tee_Logo_Change,e095b435-77bb-496b-a894-ba568b8712a9
JS_HOODIE,e095b435-77bb-496b-a894-ba568b8712a9
JS_Tee,e095b435-77bb-496b-a894-ba568b8712a9
LAVA_METAJACKET,e095b435-77bb-496b-a894-ba568b8712a9
LIME_GNG_Hoodie,e095b435-77bb-496b-a894-ba568b8712a9
LLC_HiTECH_Dress,e095b435-77bb-496b-a894-ba568b8712a9
MONO_Fur_Coat,e095b435-77bb-496b-a894-ba568b8712a9
MONO_Tee,e095b435-77bb-496b-a894-ba568b8712a9
NEON_HOODIE,e095b435-77bb-496b-a894-ba568b8712a9
ORNG_FRSH_Shirt,e095b435-77bb-496b-a894-ba568b8712a9
ORNG_HiTech_Dress,e095b435-77bb-496b-a894-ba568b8712a9
PLASMA_HOODIE_R,e095b435-77bb-496b-a894-ba568b8712a9
PNK_BBL_Vest,e095b435-77bb-496b-a894-ba568b8712a9
PNK_Fur_Coat,e095b435-77bb-496b-a894-ba568b8712a9
PNK_HAWAIIAN_Shirt,e095b435-77bb-496b-a894-ba568b8712a9
PNK_HiTech_Gown,e095b435-77bb-496b-a894-ba568b8712a9
PNK_METAJACKET,e095b435-77bb-496b-a894-ba568b8712a9
PNK_ORNG_Fur_Coat,e095b435-77bb-496b-a894-ba568b8712a9
PNK_POLO,e095b435-77bb-496b-a894-ba568b8712a9
PNK_UNDRWRLD_Uniform,e095b435-77bb-496b-a894-ba568b8712a9
PNK_Utility_Vest,e095b435-77bb-496b-a894-ba568b8712a9
PNK_Waistcoat,e095b435-77bb-496b-a894-ba568b8712a9
PURP_CAMO_PFA_JCKT,e095b435-77bb-496b-a894-ba568b8712a9
PURP_HiTech_Dress,e095b435-77bb-496b-a894-ba568b8712a9
PURP_KBA_JCKT,e095b435-77bb-496b-a894-ba568b8712a9
PURP_METAJACKET,e095b435-77bb-496b-a894-ba568b8712a9
PURP_Utility_Vest,e095b435-77bb-496b-a894-ba568b8712a9
PURP_VARSITY_JCKT,e095b435-77bb-496b-a894-ba568b8712a9
RCS_Tee,e095b435-77bb-496b-a894-ba568b8712a9
RD_BBL_Vest,e095b435-77bb-496b-a894-ba568b8712a9
RD_VARSITY_JCKT,e095b435-77bb-496b-a894-ba568b8712a9
RFX_Tee,e095b435-77bb-496b-a894-ba568b8712a9
RTFKT_CHROME_Tee,e095b435-77bb-496b-a894-ba568b8712a9
RTFKT_x_TM_RNBW_FLOWER_PFA,e095b435-77bb-496b-a894-ba568b8712a9
SAY_IT_Hoodie,e095b435-77bb-496b-a894-ba568b8712a9
SD_Tee,e095b435-77bb-496b-a894-ba568b8712a9
Snake,e095b435-77bb-496b-a894-ba568b8712a9
Space_PFA_JCKT,e095b435-77bb-496b-a894-ba568b8712a9
SPACE_TRIP_Tee,e095b435-77bb-496b-a894-ba568b8712a9
STRIPE_Tee,e095b435-77bb-496b-a894-ba568b8712a9
TECH_JCKT_C,e095b435-77bb-496b-a894-ba568b8712a9
TECH_JCKT_L_02,e095b435-77bb-496b-a894-ba568b8712a9
TECH_JCKT_R_01,e095b435-77bb-496b-a894-ba568b8712a9
TECH_JCKT_R_02,e095b435-77bb-496b-a894-ba568b8712a9
TRPPY_HiTech_Gown,e095b435-77bb-496b-a894-ba568b8712a9
V1_BLCK_SKL_GRL,e095b435-77bb-496b-a894-ba568b8712a9
V1_BLU_SKL_GRL,e095b435-77bb-496b-a894-ba568b8712a9
V1_NVY_SKL_GRL,e095b435-77bb-496b-a894-ba568b8712a9
V1_WHT_SKL_GRL,e095b435-77bb-496b-a894-ba568b8712a9
V2_BLCK_SKL_GRL,e095b435-77bb-496b-a894-ba568b8712a9
V2_WHT_SKL_GRL,e095b435-77bb-496b-a894-ba568b8712a9
V3_WHT_SKL_GRL,e095b435-77bb-496b-a894-ba568b8712a9
V4_WHT_SKL_GRL,e095b435-77bb-496b-a894-ba568b8712a9
V5_WHT_SKL_GRL,e095b435-77bb-496b-a894-ba568b8712a9
V6_WHT_SKL_GRL,e095b435-77bb-496b-a894-ba568b8712a9
WAGMI_Tee,e095b435-77bb-496b-a894-ba568b8712a9
WHT_BKR_JCKT,e095b435-77bb-496b-a894-ba568b8712a9
WHT_GRNG_Dress,e095b435-77bb-496b-a894-ba568b8712a9
WHT_Jellyfish_Tee,e095b435-77bb-496b-a894-ba568b8712a9
WHT_KBA_JCKT,e095b435-77bb-496b-a894-ba568b8712a9
WHT_PNK_Fur_Coat,e095b435-77bb-496b-a894-ba568b8712a9
WHT_Utility_Vest,e095b435-77bb-496b-a894-ba568b8712a9
WSTCOAT_C,e095b435-77bb-496b-a894-ba568b8712a9
YLLW_BLW_UP_JCKT,e095b435-77bb-496b-a894-ba568b8712a9
Leggings,e095b435-77bb-496b-a894-ba568b8712a9
Oversized_Jogger,e095b435-77bb-496b-a894-ba568b8712a9
Tech_Jogger,e095b435-77bb-496b-a894-ba568b8712a9
Blade_CHKR,fce75682-2b70-4e30-b94f-5d2c21550b66
Bladez_CHKR,fce75682-2b70-4e30-b94f-5d2c21550b66
BLKGOLD_ZKBEADZ,fce75682-2b70-4e30-b94f-5d2c21550b66
BLKRD_ZKBEADZ,fce75682-2b70-4e30-b94f-5d2c21550b66
CHRM,fce75682-2b70-4e30-b94f-5d2c21550b66
CHRM_OLD,fce75682-2b70-4e30-b94f-5d2c21550b66
CYN_CBLE,fce75682-2b70-4e30-b94f-5d2c21550b66
CYN_Two_Piece,fce75682-2b70-4e30-b94f-5d2c21550b66
DRIP_CHRM,fce75682-2b70-4e30-b94f-5d2c21550b66
GLD_CBLE,fce75682-2b70-4e30-b94f-5d2c21550b66
GLD_CLSP,fce75682-2b70-4e30-b94f-5d2c21550b66
GLD_GLink,fce75682-2b70-4e30-b94f-5d2c21550b66
GLD_Iced_Cuban,fce75682-2b70-4e30-b94f-5d2c21550b66
GLD_Two_Piece,fce75682-2b70-4e30-b94f-5d2c21550b66
GPDLCK,fce75682-2b70-4e30-b94f-5d2c21550b66
GPURP_Two_Piece,fce75682-2b70-4e30-b94f-5d2c21550b66
HiTECH_CBLE,fce75682-2b70-4e30-b94f-5d2c21550b66
ICED_GLink,fce75682-2b70-4e30-b94f-5d2c21550b66
iRi_Blade_CHKR,fce75682-2b70-4e30-b94f-5d2c21550b66
KAWAII_CHRM,fce75682-2b70-4e30-b94f-5d2c21550b66
MRBLE_GLink,fce75682-2b70-4e30-b94f-5d2c21550b66
Murakami_Bear,fce75682-2b70-4e30-b94f-5d2c21550b66
PNK_ZKBEADZ,fce75682-2b70-4e30-b94f-5d2c21550b66
PURP_CBLE,fce75682-2b70-4e30-b94f-5d2c21550b66
PURP_GLink,fce75682-2b70-4e30-b94f-5d2c21550b66
PURP_Two_Piece,fce75682-2b70-4e30-b94f-5d2c21550b66
PURP_ZKBEADZ,fce75682-2b70-4e30-b94f-5d2c21550b66
RBY_CBLE,fce75682-2b70-4e30-b94f-5d2c21550b66
RBY_Two_Piece,fce75682-2b70-4e30-b94f-5d2c21550b66
RD_ZKBEADZ,fce75682-2b70-4e30-b94f-5d2c21550b66
RNBW_CBLE,fce75682-2b70-4e30-b94f-5d2c21550b66
RNBW_GLink,fce75682-2b70-4e30-b94f-5d2c21550b66
SGPDLCK,fce75682-2b70-4e30-b94f-5d2c21550b66
SHIRE_CBLE,fce75682-2b70-4e30-b94f-5d2c21550b66
SHIRE_GLink,fce75682-2b70-4e30-b94f-5d2c21550b66
SLVR_CBLE,fce75682-2b70-4e30-b94f-5d2c21550b66
SLVR_GLink,fce75682-2b70-4e30-b94f-5d2c21550b66
SLVR_Two_Piece,fce75682-2b70-4e30-b94f-5d2c21550b66
SPDLCK,fce75682-2b70-4e30-b94f-5d2c21550b66
SPIKED_CHKR,fce75682-2b70-4e30-b94f-5d2c21550b66
VVS_PANDA,fce75682-2b70-4e30-b94f-5d2c21550b66
WGLD_Iced_Cuban,fce75682-2b70-4e30-b94f-5d2c21550b66
WGLD_VVS_CLSP,fce75682-2b70-4e30-b94f-5d2c21550b66